                  epoch,             train/loss,  metrics/accuracy_top1,  metrics/accuracy_top5,               val/loss,                 lr/pg0,                 lr/pg1,                 lr/pg2
                      1,                 1.1347,                0.65487,                      1,                 1.1617,             0.00023422,             0.00023422,             0.00023422
                      2,                0.61687,                0.72566,                      1,                 1.0275,             0.00031639,             0.00031639,             0.00031639
                      3,                0.52098,                0.76106,                      1,                 1.0352,             0.00024148,             0.00024148,             0.00024148
